Text,Type 1,Type 2,Type 3,Type 4,Type 5,Cluster 0,Cluster 1,Cluster 2,Cluster 3,Cluster 4,Overall
" Joke 1 of 25 A man visits the doctor. The doctor says ""I have bad news for you.You havecancer and Alzheimer's disease"". The man replies ""Well,thank God I don't have cancer!""",situational,disease,,,,0.7333155136983533,1.5604863820456922,0.3868884984478088,2.86,-1.308704094144784,1.5
" Joke 2 of 25   This couple had an excellent relationship going until one day he came homefrom work to find his girlfriend packing. He asked her why she was leaving himand she told him that she had heard awful things about him. ""What could they possibly have said to make you move out?"" ""They told me that you were a pedophile."" He replied, ""That's an awfully big word for a ten year old."" ",situational,irony,crime,relationship,,-0.05,1.1683413885875358,0.010258369719611249,2.511178840734104,-2.0079841404018466,1.0439512268624682
 Joke 3   Q. What's 200 feet long and has 4 teeth? A. The front row at a Willie Nelson Concert.,question,age,insult,,,-0.055964800700036954,1.175131595305173,0.03982547285619353,2.491180992336713,-1.8157003207946005,1.02
 Joke 4   Q. What's the difference between a man and a toilet? A. A toilet doesn't follow you around after you use it.,question,gender,,,,-2.48,0.3093372386013949,-0.7633294280652718,1.6200156806303803,-2.8056219381867296,-0.012287761398605102
" Joke 5   Q.	What's O. J. Simpson's Internet address? A.	Slash, slash, backslash, slash, slash, escape.",question,crime,,,,0.83,1.17,-2.14,3.25,-4.71,0.92
" Joke 6   Bill & Hillary are on a trip back to Arkansas. They're almost out of gas, so Bill pulls into a service station on the outskirts oftown. The attendant runs out of the station to serve them when Hillary realizes it's an old boyfriend from high school. She andthe attendant chat as he gases up their car and cleans the windows. Then they all say good-bye. As Bill pulls the car onto the road, he turns to Hillary and says, 'Now aren't you glad you married me and not him ? You could'vebeen the wife of a grease monkey !' To which Hillary replied, 'No, Bill. If I would have married him, you'd be pumping gas and he would be the President !' ",situational,politics,,,,0.43645069206017106,1.818493374987,0.6331644276185788,3.16,-1.4421481057432224,1.6609198455752352
 Joke 7   How many feminists does it take to screw in a light bulb?That's not funny.,question,feminist,lightbulb,,,1.02,-0.29,-5.78,2.91,-6.26,-0.24
 Joke 8   Q. Did you hear about the dyslexic devil worshiper? A. He sold his soul to Santa.,question,disease,,,,0.87,-0.73,-4.76,1.36,-4.47,-0.58
" Joke 9   A country guy goes into a city bar that has a dress code, and the maitred' demands he wear a tie. Discouraged, the guy goes to his car to sulk when inspiration strikes: He's got jumper cables in the trunk! So he wrapsthem around his neck, sort of like a string tie (a bulky string tie to besure) and returns to the bar. The maitre d' is reluctant, but says to theguy, ""Okay, you're a pretty resourceful fellow, you can come in... butjust don't start anything""!  ",situational,puns,,,,-0.68,0.7329636811475975,-0.36855805798283736,2.1003714545336316,-2.28,0.5075636811475976
" Joke 10 of 20   Two cannibals are eating a clown, one turns to other and says: ""Does this taste funny to you? ",situational,puns,,,,0.73,1.65,0.5018845273008559,3.06,-1.2051848046829492,1.6
" Joke 11   Q. What do a hurricane, a tornado, and a redneckdivorce all have in common? A. Someone's going to lose their trailer...",question,redneck,relationship,,,0.8485045348951702,2.0026354872761223,0.78,3.396788051378686,-1.1661978460572109,1.9050419913411631
" Joke 12 of 20   A guy stood over his tee shot for what seemed an eternity, looking up, looking down, measuring the distance,figuring the wind direction and speed. Driving his partner nuts.Finally his exasperated partner says, ""What the hell is taking so long? Hit the goddamn ball!""The guy answers, ""My wife is up there watching me from the clubhouse. I want to make this a perfect shot.""""Well, hell, man, you don't stand a snowball's chance in hell of hitting her from here!"" ",situational,relationship,,,,0.39,1.9511079106624887,0.6857782403328182,3.3245385457310546,-1.520789848441153,1.7747686249482029
" Joke 13 of 20   They asked the Japanese visitor if they have elections in hiscountry.  ""Every Morning"" he answers.",situational,language,sex,,,-0.97,-2.33,-5.63,0.68,-6.21,-2.14
" Joke 14   The father was very anxious to marry off his only daughter so he wanted to impress her date. ""Do  you like to screw,"" he says. ""Huh"" replied the surprised first date. ""My daughter she loves to screw and she's good at it, you and her  should go screw,"" carefully explained the father. Now very interested the boy replied, ""Yes, sir."" Minutes later the girl came down the stairs, kissed her father goodbye and the couple left. After only a few minutes she reappeared, furious, dress torn, hair a mess and screamed""Dammit, Daddy, it's the TWIST, get it straight!"" ",situational,sex,language,,,0.15,1.844665038199605,0.6214068928361969,3.2105212653058324,-1.654831298796732,1.6839507524853197
 Joke 15 of 20   Q:  What did the blind person say when given some matzah?A:  Who the hell wrote this?,question,disease,language,jew,,-0.73,-3.16,-6.17,0.29,-6.02,-2.52
 Joke 16 of 20   Q. What is orange and sounds like a parrot?  A. A carrot.,question,pun,,,,-2.91,-4.56,-6.7,-0.39,-6.75,-3.88
 Joke 17 of 20   How many men does it take to screw in a light bulb? One...men will screw anything. ,question,pun,sex,men,,-0.68,-0.63,-3.25,0.68,-4.81,-0.73
" Joke 18   A dog walks into Western Union and asks the clerk to send a telegram. He fills out a form on which hewrites down the telegram he wishes to send: ""Bow wow wow, Bow wow wow.""The clerk says, ""You can add another 'Bow wow' for the same price.""The dog responded, ""Now wouldn't that sound a little silly?"" ",situational,surreal,,,,0.15,-0.68,-4.51,2.04,-5.19,-0.49
" Joke 19 of 20   Q: If a person who speaks three languages is called ""tri-lingual,"" anda person who speaks two languages is called ""bi-lingual,"" what do calla person who only speaks one language?A: American! ",question,language,america,,,0.83,0.83,-2.96,3.25,-4.76,0.63
 Joke 20 of 20   What's the difference between a MacIntosh and anEtch-A-Sketch? You don't have to shake the Mac to clear the screen. ,question,technology,,,,-1.26,-0.83,-4.9,2.18,-6.31,-0.97
" Joke 21   What's the difference between a used tire and 365 used condoms?One's a Goodyear, the other's a great year.",question,sex,,,,0.97,2.43,0.9947283598837464,4.058899882805269,-1.4416810466819103,2.2661488144292012
" Joke 22   A duck walks into a pharmacy and asks for a condom. The pharmacist says""Would you like me to stick that on your bill?""The duck says: ""What kind of duck do you think I am!""",situational,sex,pun,,,-0.29,1.5381957815879745,0.36803953158797437,3.0051729450495133,-1.7852997541263111,1.3802270315879746
 Joke 23   Q: What is the Australian word for a boomerang that won't   come back? A: A stick,question,language,,,,-0.34,1.1182239845475799,-0.029930777357182192,2.57,-2.093734286129113,0.9655179405915358
 Joke 24   What do you get when you run over a parakeet with a lawnmower? Shredded tweet.,question,technology,pun,,,-2.57,0.1,-0.9534459347478248,1.4398803079749696,-3.01,-0.19
" Joke 25   Two kindergarten girls were talking outside: one said, ""Youwon't believe what I saw on the patio yesterday--a condom!""The second girl asked, ""What's a patio?""",situational,surreal,irony,sex,,-0.53,1.2708932488910745,0.11891772441555004,2.6875118386346646,-2.1426210799173724,1.0705086335064589
" Joke 26   A guy walks into a bar and sits down next to an extremely gorgeous woman.  The first thing he notices about her though, are her pants.  They were skin-tight, high-waisted and had no obvious mechanism (zipper, buttons or velcro) for opening them.After several minutes of puzzling over how she got the pants up over her hips, he finally worked up the nerve to ask her.  ""Excuse me miss, but how do you get into your pants?""""Well,"" she replied, ""you can start by buying me a drink.""",situational,bar,sex,language,,0.0,1.7852013240021034,0.545975133525913,3.236740627223392,-1.94,1.5787608478116273
" Joke 27   Clinton returns from a vacation in Arkansas and walks down  thesteps of Air Force One with two pigs under his arms.  At the bottomof the steps, he says  to the honor guardsman, ""These are genuineArkansas Razor-Back Hogs.  I got this one for Chelsea and this one forHillary.""  The guardsman replies, ""Nice trade, Sir.""",situational,language,relationship,politics,,2.91,4.13,1.7,5.34,-1.17,3.4784022654203124
" Joke 28   A mechanical, electrical and a software engineer from Microsoft weredriving through the desert when the car broke down. The mechanicalengineer said ""It seems to be a problem with the fuel injection system,why don't we pop the hood and I'll take a look at it."" To which theelectrical engineer replied, ""No I think it's just a loose ground wire,I'll get out and take a look."" Then, the Microsoft engineer jumps in.""No, no, no. If we just close up all the windows, get out, wait a fewminutes, get back in, and then reopen the windows everything will workfine.""",situational,technology,,,,0.6403253954958066,1.830436506606918,0.5519724543193361,3.3526433678460372,-1.6207297515630168,1.6595253954958067
" Joke 29   An old Scotsmen is sitting with a younger Scottish gentleman and says the boy. ""Ah, lad look out that window. You see that stone wall there, I built it withme own bare hands, placed every stone meself.  But do they call me MacGregor thewall builder? No! He Takes a few sips of his beer then says, ""Aye, and look out on that lake and eye that beautiful pier. I built it meself, laid every board and hammered eachnail but do they call me MacGregor the pier builder? No! He continues...""And lad, you see that road? That too I build with me own bare hands. Laid every inch of pavement meself, but do they call MacGregor the roadbuilder? No!""Again he returns to his beer for a few sips, then says, ""Agh, but you screw one sheep...""",situational,sex,surreal,,,3.2,3.88,1.21,5.0,-1.41,3.25
 Joke 30   Q: What's the difference between a Lawyer and a Plumber? A: A Plumber works to unclog the system.,question,insult,jobs,,,-1.84,0.7736357884948493,-0.34,2.1802801607892217,-2.6210847243256636,0.4552357884948492
" Joke 31    President Clinton looks up from his desk in the Oval Office to see one of his aides nervously approach him.  ""What is it?"" exclaims the President. ""It's this Abortion Bill Mr. President, what do you want to do about it?"" the aide replies. ""Just go ahead and pay it."" responds the President. ",situational,politics,,,,1.1940489383744115,2.342957271707745,0.9615072717077449,3.79,-1.4857427282922553,2.286557271707745
" Joke 32   A man arrives at the gates of heaven. St. Peter asks, ""Religion?"" The man says, ""Methodist."" St. Peter looks down his list, and says, ""Go to room 24, but be very quiet as you pass room 8."" Another man arrives at the gates of heaven. ""Religion?""""Baptist."" ""Go to room 18, but be very quiet as you pass room 8."" A third man arrives at the gates. ""Religion?"" ""Jewish.""""Go to room 11, but be very quiet as you pass room 8."" The man says, ""I can understand there being different rooms for different religions, but whymust I be quiet when I pass room 8?"" St. Peter tells him, ""Well the Catholics are in room 8, and they think they're the only ones here.",situational,religion,,,,3.2,3.83,1.21,5.39,-0.7779006155031696,3.224709033619637
" Joke 33   What do you call an American in the finals of the world cup?""Hey Beer Man!""",question,insult,america,,,-2.43,0.27531229901519166,-0.7857881794537078,1.6321087902432618,-2.961727573393102,-0.048463004628533146
" Joke 34   Out in the backwoods of some midwestern state, little Johnny arrivesat school an hour late.Teacher: ""Why are you so late, John?""Johny : ""My big brother got shot in the ass.""(the teacher corrects his speech)Teacher: ""Rectum.""Johnny : ""Wrecked him!? Hell, It damn near killed him!"" ",situational,language,,,,-0.44,1.576366234602506,0.44,2.964125583409727,-1.75,1.392846032582304
" Joke 35   An explorer in the deepest Amazon suddenly finds himself surroundedby a bloodthirsty group of natives. Upon surveying the situation, hesays quietly to himself, ""Oh God, I'm screwed."" The sky darkens and a voice booms out, ""No, you are NOTscrewed. Pick up that stone at your feet and bash in the head of thechief standing in front of you."" So with the stone he bashes the life out of the chief. Standing abovethe lifeless body, breathing heavily looking at 100 angry natives... The voice booms out again, ""Okay ..... NOW you're screwed."" ",situational,irony,,,,3.11,3.74,1.2183865616927858,5.29,-1.41,3.2
" Joke 36   A guy walks into a bar, orders a beer and says to the bartender,""Hey, I got this great Polish Joke..."" The barkeep glares at him and says in a warning tone of voice:""Before you go telling that joke you better know that I'm Polish, bothbouncers are Polish and so are most of my customers""""Okay"" says the customer,""I'll tell it very slowly."" ",situational,bar,insult,irony,,3.35,3.83,1.4438703040879368,5.24,-0.97,3.35
" Joke 37   A Jewish young man was seeing a psychiatrist for an eating andsleeping disorder. ""I am so obsessed with my mother... As soon as I go to sleep, I startdreaming, and everyone in my dream turns into my mother. I wake up insuch a state, all I can do is go downstairs and eat a piece of toast.""The psychiatrist replies:""What, just one piece of toast, for a big boy like you?""",situational,irony,disease,,,-1.6,0.2469945969373606,-0.8561029305351666,1.608018336433159,-2.8626750459197825,-0.05
" Joke 38   ""May I take your order?"" the waiter asked. ""Yes, how do you prepare your chickens?"" ""Nothing special sir,"" he replied. ""We just tell them straight outthat they're going to die.""",situational,language,,,,0.63,1.773320972495566,0.5063626391622323,3.3,-1.4344845830599897,1.6539668058288994
 Joke 39   What is the difference between men and women:A woman wants one man to satisfy her every need.A man wants every woman to satisfy his one need.,question,sex,gender,,,-0.19,1.6910889166454082,0.4636665028523048,3.1175676964862573,-1.967791830481028,1.46
" Joke 40   How many Irishmen does it take to change a lightbulb?Two, one to hold the lightbulb and the other to drink until the room spins. ",question,lightbulb,insult,,,0.19,1.584256264345079,0.34,3.067437067916508,-1.8997951190541307,1.4090639566527714
"  A Joke    What does an atheist say during an orgasm?""Oh Darwin! Oh Darwin!...""",question,sex,religion,,,-1.75,0.7991463361431567,-0.31731199719017655,2.289285225032046,-2.556843247190176,0.5201880028098237
"  A Joke    Two men are discussing the age old question: who enjoys sex more, theman or the woman?  A woman walks by and listens in for awhile and theninterrupts: ""Listen you guys. You know when your ear itches and you put in your little finger and wiggle it around for awhile?  Afterward,which feels better, your finger or your ear?""",situational,sex,,,,0.7952392815953441,2.170030948262011,0.8021837260397884,3.6734684482620104,-1.65,2.04
"  A Joke    Arnold Swartzeneger and Sylvester Stallone are making a movie aboutthe lives of the great composers.  Stallone says ""I want to be Mozart."" Swartzeneger says: ""In that case...  I'll be Bach.""",situational,movies,pun,,,-1.31,0.5652941039931445,-0.5124943575453176,1.967700521105444,-2.676680685922822,0.3149403304082388
"  A Joke    A horse walks into a bar. Bartender says:""So, why the long face?""",situational,bar,language,,,-1.99,-0.08635465639390427,-1.1438762081180422,1.26,-3.0750317232356235,-0.38211484448167865
"  A Joke    A boy comes home from school and tells his mother that he got a partin the school play.  ""What part?"" the mother asked. ""I play a Jewishhusband,"" the boy replied.  ""Go back to school and tell your teacher that you want a speaking role!""",situational,insult,jew,,,0.34038094128330565,1.6363809412833057,0.3908994598018244,3.0721413579499726,-1.7737996142722494,1.4629761793785439
"  A Joke    A couple has been married for 75 years. For the husband's 95thbirthday, his wife decides to surprise him by hiring a prostitute.That day, the doorbell rings. The husband uses his walker to get tothe door and opens it. A 21-year-old in a latex outfit smiles andsays, ""Hi, I here to give you super sex!"" The old man says, ""I'll take the soup.""",situational,disease,sex,,,0.63,1.8369090530395038,0.5844405656445462,3.3059028418593797,-1.6206901533097022,1.75
"  A Joke    There was an engineer who had an exceptional gift for fixing all things mechanical.  After serving his company loyally for over 30 years, he happily retired.  Several years later the company contacted him regarding a seemingly impossible problem they were having with one of their multi-million dollar machines. They had tried everything and everyone else to get the machine fixed, but to no avail.  In desperation, they called on the retired engineer who had solved so many of their problems in the past.The engineer reluctantly took the challenge.  He spent a day studying the huge machine.  At the end of the day, he marked a small ""x"" in chalk on a particular component of the machine and proudly stated, ""This is where your problem is"".The part was replaced and the machine worked perfectly again. The company received a bill for $50,000 from the engineer for his service.They demanded an itemized accounting of his charges. The engineer responded briefly:One chalk mark                       $1 Knowing where to put it            $49,999It was paid in full and the engineer retired again in peace. ",situational,smart,,,,0.5904875020577911,1.856889103888455,0.5805021906594365,3.279600726695472,-1.5248486780664319,1.6979107757150802
"  A Joke    The graduate with a Science degree asks, ""Why does it work?""The graduate with an Engineering degree asks, ""How does it work?""The graduate with an Accounting degree Asks, ""How much will it cost?"" The graduate with a  Liberal Arts degree asks, ""Do you want fries with  that?""",situational,insult,jobs,,,1.26,2.0846777315016425,0.7031030561769671,3.679990884584192,-1.46,1.9585329503568614
"  A Joke    Three engineering students were gathered together discussing thepossible designers of the human body.  One said, ""It was a mechanical engineer. Just look at all the joints.""  Another said, ""No, it was an electrical engineer.  The nervous systems many thousands of electricalconnections.""  The last said, ""Actually it was a civil engineer. Who else would run a toxic waste pipeline through a recreational area?""",situational,insult,science,,,2.18,2.9502804181405433,1.1057804181405433,4.61,-1.0962410750721265,2.622988751473877
"  A Joke    A guy goes into confession and says to the priest, ""Father, I'm 80 yearsold, widower, with 11 grandchildren. Last night I met two beautiful flightattendants. They took me home and I made love to both of them. Twice.""The priest said: ""Well, my son, when was the last time you were inconfession?"" ""Never Father, I'm Jewish."" ""So then, why are you telling me?"" ""I'm telling everybody.""",situational,irony,jew,,,4.03,4.56,1.84,5.78,-0.73,3.98
  A Joke    Did you hear that Clinton has announced there is a new national bird?  The spread eagle.,question,america,sex,language,,-3.25,0.598078401870437,-0.48177667059333085,2.0190700685371032,-3.2019736814628965,0.24666814546018062
  A Joke    Q: What do Monica Lewinsky and Bob Dole have in common?A: They were both upset when Bill finished first.,question,america,sex,language,politics,-2.43,0.9630757663582901,-0.1843165781393179,2.38,-2.9475171128986757,0.6306834218606824
"  A Joke    One Sunday morning William burst into the living room and said,""Dad! Mom! I have some great news for you! I am getting marriedto the most beautiful girl in town. She lives a block away andher name is Susan.""After dinner, William's dad took him aside. ""Son, I have to talkwith you. Your mother and I have been married 30 years.. She's awonderful wife but she has never offered much excitement in thebedroom, so I used to fool around with women a lot. Susan isactually your half-sister, and I'm afraid you can't marry her.""William was heart-broken. After eight months he eventuallystarted dating girls again. A year later he came home and veryproudly announced, ""Dianne said yes! We're getting married inJune.""Again his father insisted on another private conversation andbroke the sad news. ""Dianne is your half-sister too, William. I'mawfully sorry about this.""William was furious! He finally decided to go to his mother withthe news.""Dad has done so much harm.. I guess I'm never going to getmarried,""  he complained. ""Every time I fall in love, Dad tellsme the girl is my half-sister.""His mother just shook her head. ""Don't pay any attention to whathe says, dear. He's not really your father.""",situational,sex,relationship,,,2.52,3.83,1.3696021548305009,5.05,-1.36,3.16
"  A Joke    The Pope dies and, naturally, goes to heaven. He's met by the receptioncommittee, and after a whirlwind tour he is told that he can enjoy anyof the myriad of recreations available.He decides that he wants to read all of the ancient original text of theHoly Scriptures, so he spends the next eon or so learning languages.After becoming a linguistic master, he sits down in the library andbegins to pour over every version of the Bible, working back from mostrecent ""Easy Reading"" to the original script.All of a sudden there is a scream in the library. The Angels comerunning in only to find the Pope huddled in his chair, crying to himselfand muttering, ""An 'R'! The scribes left out the 'R'."" A particularly concerned Angel takes him aside, offering comfort, askshim what the problem is and what does he mean. After collecting hiswits, the Pope sobs again, ""It's the letter 'R'. They left out the 'R'.The word was supposed to be CELEBRATE!""",situational,religion,,,,2.04,2.7368658669451946,1.1480774054067329,4.22,-0.97,2.62
"  A Joke    A woman has twins, and gives them up for adoption.  One ofthem goes to a family in Egypt and is named ""Amal.""  The other goes toa  family in Spain; they name him ""Juan.""  Years later, Juan sends apicture of himself to his mom.  Upon receiving the picture, she tellsher husband that she wishes she also had a picture of Amal.  Her husband responds, ""But they are twins-if you've seen Juan, you'veseen   Amal.",situational,irony,,,,-0.1,1.2499715577023112,0.09858898194473564,2.697727239520493,-1.9354866009911413,1.0999023877418368
"  A Joke    A man and Cindy Crawford get stranded on a desert island.  After a coupleof days they fall in love and start sleeping together.  Time pass theman seems frustrated, Cindy asks if there is anything she can do?  Hesays there is one thing, ""Could you put on this baseball cap and go tothe other side of the island and answer me when I call you Bob?""  Sheagrees.  Next day he is walking on the other side of the island, runsinto her and says ""Hi Bob!""  She says ""Hello, what's up?""  He replies: ""Bob you won't believe it: I've been sleeping with CindyCrawford for the past two weeks!!!!""",situational,sex,irony,,,1.02,2.09,0.6916017547531245,3.621442441027634,-1.65,1.9410135194590068
  A Joke    Why are there so many Jones's in the phone book?Because they all have phones.,question,,,,,-1.84,-0.03622141196335704,-1.1073805028724482,1.3390805360885907,-3.021534595023466,-0.30493295042489543
"  A Joke    How many teddybears does it take to change a lightbulb?It takes only one teddybear, but it takes a whole lot of lightbulbs.",question,lightbulb,,,,-4.76,-0.9938726113183614,-2.0315814829807217,0.33023730008806174,-4.124871243329306,-1.46
"  A Joke    The Chukcha (Russian Eskimo) phones up the Russian Parliament Building.  A guard answers. Chukcha:  ""What is required to become Parliament member?""Guard:  ""What are you, an idiot?""Chukcha:  ""Is it required?""",situational,language,politics,,,-1.36,0.73,-0.39,2.18,-2.72,0.4295211620433831
  A Joke    What did the Buddhist say to the hot dog vendor?Make me one with everything.,question,religion,language,,,-0.29,0.7664140612410459,-0.359746511095997,2.1684210605480456,-2.218580702272468,0.5674460022729871
"  A Joke    During a recent publicity outing, Hillary sneaked off to visit afortune teller of some local repute.  In a dark and hazy room, peeringinto a crystal ball, the mystic delivered grave news.""There's no easy way to say this, so I'll just be blunt: Prepareyourself to be a widow.  Your husband will die a violent and horribledeath this year.""Visibly shaken, Hillary stared at the woman's lined face, then at the single flickering candle, then down at her hands.  She took a few deep breaths to compose herself.  She simply had to know.  She met thefortune teller's gaze, steadied her voice, and asked her question.""Will I be acquitted?""",situational,crime,america,politics,,1.26,2.48,0.97,4.076574947662647,-1.2989011887686455,2.257573995054883
"  A Joke    A group of  managers were given the assignment to measure theheight of a flagpole. So they go out to the flagpole with laddersand tape measures, and they're falling off the ladders, droppingthe tape measures - the whole thing is just a mess.An engineer comes along and sees what they're trying to do,walks over, pulls the flagpole out of the ground, lays it flat,measures it from end to end, gives the measurement to one of themanagers and walks away.After the engineer has gone, one manager turns to another andlaughs. ""Isn't that just like an engineer, we're looking for the height and he gives us the length.""",situational,jobs,,,,2.72,3.3,1.12,5.1,-0.9925213104809822,2.91
"  A Joke    An engineer, a physicist and a mathematician are sleeping in aroom. There is a fire in the room. The engineer wakes up, sees the fire,picks up the bucket of water and douses the fire and goes back tosleep. Again there is fire in the room. This time, the physicist wakesup, notices the bucket, fills it with water, calculates the optimaltrajectory and douses the fire in minimum amount of water and goesback to sleep. Again there is fire. This time the mathematician wakes up. He looks at the fire, looks at the bucket and the water andexclaims, ""A solution exists"" and goes back to sleep.",situational,jobs,,,,-0.29,1.1492037218690339,-0.058036014201347186,2.578012434815851,-2.38,0.9158122658969328
  A Joke    What is the rallying cry of the International Dyslexic Pride movement?Dyslexics Untie!,question,disease,language,,,-0.68,0.6167106464375904,-0.4929768535624095,2.014597551199495,-2.520428767690297,0.36068791916486315
"  A Joke    Two Rednecks were seated at the end of a bar when a young ladyseated a few stools up began to choke on a piece of hamburger.  She wasturning blue and obviously in serious respiratory distress.One said to the other, ""That gal there is having a bad time!"" The other agreed and said ""Think we should go help?""  ""You bet,"" said thefirst,and with that, he ran over and said, ""Can you breathe??""  She shookher head no.  He said, ""Can you speak??""  She again shook her head no.With that, he pulled up her skirt and licked her on the butt.She was so shocked, she coughed up the obstruction and began tobreathe-with great relief.The redneck walked back to hisfriend and said, ""Funny how that hind lick maneuver always works.""",situational,language,redneck,,,1.1505447164677054,2.5805644793135554,1.040348029097105,3.905348029097105,-1.7320040367292258,2.4377099338590096
"  A Joke    A lawyer opened the door of his BMW, when suddenly a car came alongand hit the door, ripping it off completely.  When the police arrivedat the scene, the lawyer was complaining bitterly about the damage tohis precious BMW.  ""Officer, look what they've done to my Beeeeemer!!!"", he whined.  ""You lawyers are so materialistic, you makeme sick!!!""  retorted the officer.  ""You're so worried about yourstupid BMW, that you didn't even notice that your left arm was rippedoff!!!""  ""Oh my gaaaad..."", replied the lawyer, finally noticing thebloody left shoulder where his arm once was.  ""Where's myRolex???!!!!""",situational,jobs,insult,,,1.84,2.86,1.0750757330255378,4.56,-1.02,2.562895281897718
"  A Joke    Once upon a time, two brooms fell in love and decided to get married.Before the ceremony, the bride broom informed the groom broom that she was expecting a little whiskbroom. The groom broom was aghast!""How is this possible?"" he asked. ""We've never swept together!",situational,surreal,language,,,-1.7,0.5275282925479384,-0.5371277921081461,1.94,-2.686763374118728,0.2634092449288911
"  A Joke    A man piloting a hot air balloon discovers he has wandered off course andis hopelessly lost. He descends to a lower altitude and locates a mandown on the ground. He lowers the balloon further and shouts ""Excuse me,can you tell me where I am?""The man below says: ""Yes, you're in a hot air balloon, about 30 feetabove this field.""""You must work in Information Technology,"" says the balloonist.""Yes I do,"" replies the man. ""And how did you know that?""""Well,"" says the balloonist, ""what you told me is technically correct,but of no use to anyone.""The man below says, ""You must work in management.""""I do,"" replies the balloonist, ""how did you know?""""Well,"" says the man, ""you don't know where you are, or where you'regoing, but you expect my immediate help. You're in the same position youwere before we met, but now it's my fault!""",situational,jobs,insult,,,2.09,2.82,1.0191350136130803,4.42,-1.0523803316554625,2.57
"  A Joke    This guys wife asks, ""Honey if I died would you remarry?"" and he replies,""Well, after a considerable period of grieving, we all needcompanionship, I guess I would.""She then asks, ""If I died and you remarried, would she live in thishouse?"" and he replies, ""We've spent a lot of time and money getting thishouse just the way we want it. I'm not going to get rid of my house, Iguess she would.""""If I died and you remarried, and she lived in this house, would shesleep in our bed?"" and he says, ""That bed is brand new, we just paid twothousand dollars for it, it's going to last a long time, I guess shewould.""So she asks, ""If I died and you remarried, and she lived in this house,and slept in our bed, would she use my golf clubs?""""Oh no, she's left handed.""",situational,irony,relationship,,,1.84,2.82,1.0287264498489819,4.32,-1.41,2.57
"  A Joke    Employer to applicant: ""In this job we need someone who is responsible.""Applicant: ""I'm the one you want. On my last job, every time anythingwent wrong, they said I was responsible.""",situational,language,jobs,irony,,-0.49,1.3164609316909655,0.16773724748043906,2.72,-2.09,1.1192599747531666
"  A Joke  At a recent Sacramento PC Users Group meeting,a company was demonstrating its latest speech-recognition software.   A representative from thecompany was just about ready to start thedemonstration and asked everyone in the roomto quiet down.Just then someone in the back of the room yelled,""Format C: Return.""Someone else chimed in:""Yes, Return""Unfortunately, the software worked.",situational,technology,,,,-0.16300806765632214,0.7088853854887359,-0.4622350413405323,1.8375422022492112,-1.8940982659782135,0.42942279764251845
"  A Joke  On the first day of college, the Dean addressed the students,pointing out some of the rules:""The female dormitory will be out-of-bounds for all male studentsand the male dormitory to the female students. Anybody caught breakingthis rule will be finded $20 the first time."" He continued, ""Anybody caught breaking this rule the second time will be fined $60. Being caughta third time will cost you a fine of $180. Are there any questions ?""At this point, a male student in the crowd inquired:""How much for a season pass ?""",situational,irony,men,,,1.7792314448274225,2.6058216274758244,1.393478020169888,3.713273926326399,-0.02218128627708915,2.4202119783530174
"  A Joke  Q: What is the difference between George  Washington, Richard Nixon,and Bill Clinton?A: Washington couldn't tell a lie, Nixon couldn't   tell the truth, andClinton doesn't know the difference.",question,america,politics,,,0.7858974963227975,1.7156891629894644,0.5388141629894645,2.845734035885377,-0.9024358370105359,1.4695284487037499
"  A Joke  Q: How many stalkers does it take to change a light bulb?A: Two. One to replace the bulb, and the other to watch it day and night.",question,lightbulb,crime,,,-0.5591589264051515,0.3872696450234197,-0.7495966014751798,1.5317866093091337,-2.2374645270545024,0.07578154978532436
  A Joke  Q: Do you know the difference between an intelligent male and theSasquatch?A: There have been actual reported sightings of the Sasquatch.,question,men,insult,,,0.06082088328408952,0.975330339548865,-0.1798680731495479,2.1086003334438583,-1.6212231016474337,0.7083581173266426
"  A Joke  There once was a man and a woman that both  got in  a terrible car wreck. Both of their vehicles  were completely destroyed, buy fortunately, no one  was   hurt.  In thankfulness, the woman said to the man, 'We are both okay, so we should celebrate. I have   a  bottle of wine in my car, let's open it.'         So the woman got the bottleout of the car, and  handed it to the man. The man took a really big drink, and handed the woman the bottle. The  woman  closed the bottle and put it down. The man  asked,  'Aren't you going to take a drink?' The woman cleverly replied, 'No, I think I'll  just  wait for the cops to get here.'",situational,men,crime,,,1.6214426258432906,2.4375413100538172,1.2406433834190485,3.5496044688525656,-0.14847626130404445,2.254802319720842
  A Joke  If pro- is the opposite of con- then congress must be the oppositeof progress.,politics,insult,,,,0.6414708012688946,1.553109995408089,0.3683433287414221,2.6804854483066394,-1.0617905727737296,1.3015147573128505
  A Joke  Q: What's the difference between the government  and  the Mafia?A: One of them is organized.,question,politics,insult,,,1.20069391995452,2.080078589434126,0.8767494755100756,3.207798086621187,-0.5512505244899244,1.8619161421767423
"  A Joke  Q: Ever wonder why the IRS calls it Form 1040?A: Because for every $50 that you earn, you get 10 and they get 40.",question,politics,insult,,,0.1658752061189761,1.144104079358413,-0.016445920641586786,2.288318719556924,-1.5035171327627987,0.87
"  A Joke  Hillary, Bill Clinton and the Pope are sitting together on an airplane.Bill says ""I could throw one thousand dollar bill out of this plane andmake one person very happy.""Hillary says ""I could throw 10 hundred dollar bills out of the plane andmake 10 people very happy.""The Pope chips in and says ""I could throw Bill out of the airplane and make the whole country happy.""",situational,america,politics,insult,,0.7932117178555178,1.7461499362463222,0.5610954897853423,2.876679805926867,-0.9005438825029053,1.504779700311658
"  A Joke  An Asian man goes into a New York CityBank to exchange 10,000 yen forAmerican Currency.  The teller gives him $72.00.  The next month theAsian man goes into the same bank with 10,000 yen and receives $62.00.He asks, ""How come? Only $62.00?"" The teller says ""Fluctuations-Fluctuations!""Whereupon the Asian man looks back at the teller and says ""Fluk youAmelicans too!""",situational,language,insult,race,,1.2993675582595288,2.144804066196037,0.9521320340028775,3.282509700401671,-0.4583477195182488,1.9533397804817512
"  A Joke  Q: How do you keep a computer programmer in the shower all day long?A: Give them a shampoo with a label that says""rinse, lather, repeat"".",question,technology,,,,0.68,1.5358381510285184,0.3322964843618521,2.686218844610299,-1.1021087088748636,1.30547830254367
"  A Joke What a woman says:""This place is a mess!  C'mon,You and I need to clean up,Your stuff is lying on the floor andyou'll have no clothes to wear,if we don't do laundry right now!""What a man hears:blah, blah, blah, blah, C'monblah, blah, blah, blah, you and Iblah, blah, blah, blah, on the floorblah, blah, blah, blah, no clothesblah, blah, blah, blah, RIGHT NOW!",situational,men,sex,insult,,1.4029740544484037,2.256095523374958,1.0620955233749574,3.3722895873018985,-0.36305296147352717,2.063235163014597
"  A Joke  Q: What is the difference between Mechanical Engineers and Civil Engineers? A: Mechanical Engineers build weapons, Civil Engineers build targets.",question,jobs,technology,,,0.609270229025715,1.4757755653374547,0.2847624934420302,2.6376254984925347,-1.162563895446859,1.235873604553141
  A Joke  Q: How many Presidents does it take to screw in a light bulb?A: It depends upon your definition of screwing a light bulb.,question,politics,,,,0.63,1.537653737432334,0.3481623446310821,2.6956694536810453,-1.1413265442578069,1.3000629294264037
"  A Joke  A neutron walks into a bar and orders a drink.""How much do I owe you?"" the neutron asks.The bartender replies, ""for you, no charge.""",question,smart,,,,0.4624760738087782,1.3230547775124821,0.15163116640137086,2.490176801322005,-1.25317191579041,1.0834019997347042
"  A Joke  A man, recently completing a routine physical examination receives aphone call from his doctor.  The doctor says, ""I have some good news andsome bad news.""  The man says, ""OK, give me the good news first.""  Thedoctor says, ""The good news is, you have 24 hours to live.""  The manreplies, ""Shit!  That's the good news?  Then what's the bad news?""The doctor says, ""The bad news is, I forgot to call you yesterday.""",situational,disease,irony,,,1.3319671639330584,2.167179251020145,0.9744440157849099,3.3,-0.4383196718157336,1.9749810528219471
"  A Joke  A Czechoslovakian man felt his eyesight was growing steadily worse, and felt it was time to go see an optometrist. The doctor started with some simple testing, and showed him a standard eye chart with letters ofdiminishing size: CRKBNWXSKZY. . . ""Can you read this?"" the doctor asked. ""Read it?"" the Czech answered. ""Doc, I know him!""",situational,language,,,,1.4391983113295488,2.2343233113295486,1.0295980861043237,3.375404871613237,-0.37319514858606295,2.0486026540525533
"  A Joke  A radio conversation of a US naval ship with Canadian authorities ... Americans: Please divert your course 15 degrees to the North to avoid acollision.Canadians: Recommend you divert YOUR course 15 degrees to the South to avoid a collision.Americans: This is the Captain of a US Navy ship.  I say again, divert YOUR course.Canadians: No.  I say again, you divert YOUR course.Americans: This is the aircraft carrier USS LINCOLN, the second largest ship in the United States' Atlantic Fleet. We are accompanied by three destroyers, three cruisers and numerous support vessels. I demand that you change your course 15 degrees north, that's ONE FIVE DEGREES NORTH, or counter-measures will be undertaken to ensure the safety of this ship.Canadians: This is a lighthouse.  Your call.",situational,america,,,,2.2652307374180785,2.9778506524150425,1.7572982897075073,4.112087633757287,0.3953749416690857,2.86
  A Joke  Q: How many programmers does it take to change a lightbulb?A: NONE!   That's a hardware problem....,question,lightbulb,jobs,,,0.5225676369806547,1.3920429117059294,0.19002605185345312,2.5663274217164664,-1.246894202549678,1.1587085099965277
"  A Joke  A Panda bear walks into a bar.  Sits down at a table and orders a beer and a double cheeseburger.  After he is finished eating, he pulls out a gunand rips the place with gunfire.  Patrons scatter and dive under chairs andtables as the bear runs out the door.  After ensuring that no one is hurt, the bartender races out the door, and calls after the bear ""What the hell didyou do that for?""  The bear calls back, ""I'm a Panda bear.  Look it up in thedictionary.""  The bartender returns, pulls out his dictionary.panda : \Pan""da\, n. (Zo[""o]l.)A small Asiatic mammal (Ailurus fulgens) having fine soft fur.It is related to the bears, and inhabits the mountains of Northern India.Eats shoots and leaves.",situational,surreal,language,,,1.41,2.198531224400291,1.0099729301905882,3.3523265304014793,-0.3822673867108204,2.032924499254092
"  A Joke  Early one morning a mother went to her sleeping son and woke him up.""Wake up, son.  It's time to go to school."" ""But why, Mama?  I don't want to go to school."" ""Give me two reasons why you don't want to go to school."" ""One, all the children hate me. Two, all the teachers hate me,"" ""Oh! that's no reason. Come on, you have to go to school,"" ""Give me two good reasons WHY I should go to school?""  ""One, you are fifty-two years old. Two, you are the principal of the school."" ",situational,irony,jobs,,,0.9237113475337447,1.796346963972101,0.6070707734959107,2.937894186194323,-0.8355461909429784,1.580927245662242
"  A Joke  Reaching the end of a job interview, the human resources person asked ayoung engineer fresh out of Stanford,""And what starting salary were you looking for?""The engineer said, ""In the neighborhood of $125,000 a year, dependingon the benefits package.""The interviewer said, ""Well, what would you say to a package of 5-weeks vacation, 14 paid holidays, full medical and dental, company matching retirement fund to 50% of salary, and a company car leased every 2 years - say, a red Corvette?""The Engineer sat up straight and said, ""Wow! Are you kidding?""And the interviewer replied, ""Yeah, but you started it.""",situational,jobs,irony,,,1.594926384726837,2.389614360373717,1.1792914640919163,3.520728356053002,-0.24781567876522614,2.2144213342217864
"  A Joke  Two atoms are walking down the street when one atom says to the other ""Oh, my! I've lost an electron!""The second atom says""Are you sure""The first replies ""I'm positive!""",situational,smart,,,,0.9530477224093223,1.7539568133184136,0.5668813416203002,2.922375373924474,-0.83,1.5570602615942755
"  A Joke  Just a thought ..Before criticizing someone, walk a mile in their shoes.  Then when you do criticize them, you will be a mile away and have their shoes !",language,,,,,0.9066300869453372,1.7255697154283096,0.5462787797557949,2.8904454464224614,-0.8640427575349205,1.5289176686446837
"  A Joke  Two attorneys went into a diner and ordered two drinks.  Then they produced sandwiches from their briefcases and started to eat.  The owner becamequite concerned and marched over and told them, ""You can't eat your ownsandwiches in here!""The attorneys looked at each other, shrugged their shoulders and thenexchanged sandwiches.",situational,language,,,,1.0768914583836375,1.9116548854936122,0.7180679289718729,3.065245959274903,-0.6827654043614604,1.711477019880964
"  A Joke  A teacher is explaining to her class how different languages use negatives differently.  She says, ""In all languages, a positive followedby a negative or a negative followed by a positive makes a negative.  Insome languages, two negatives together make a positive, while in others theymake a negative.  But in no language do two positives make a negative.""  One of the students puts up his hand and says, ""Yeah, right.""",situational,language,irony,,,1.1820979071470243,1.9712074961881203,0.7609106925351522,3.1228089381491873,-0.6528779187997928,1.7954619745864342
"  A Joke  Age and Womanhood1. Between the ages of 13 and 18 ...    She is like Africa, virgin and unexplored.2. Between the ages of 19 and 35 ...    She is like Asia, hot and exotic.3. Between the ages of 36 and 45 ...    She is like America, fully explored, breathtakingly beautiful,and free with her resources.4. Between the ages of 46 and 56 ...    She is like Europe, exhausted but still has points of interest.5. After 56 she is like Australia ...    Everybody knows it's down there, but who gives a damn?",sex,age,men,,,0.7250569926667458,1.6554116724697017,0.4823640534220822,2.7882724228304516,-1.007753849508321,1.4305766624093392
  A Joke  A bus station is where a bus stops.A train station is where a train stops.On my desk I have a work station...,language,jobs,,,,0.2078872102802577,1.1607182605085682,-0.01618650139619371,2.324902733443041,-1.5156359061580986,0.90257011236042
  A Joke  Q: Whats the difference between greeting a Queen and greeting thePresident of the United  States?A: You only have to get on one knee to greet the queen.,question,sex,politics,america,,0.83348070446846,1.7697212245117968,0.603838033628606,2.915282317042455,-0.8728236815625208,1.559625070665643
